{
  "hash": "1e3dcb1f8b586e2abd9a6a980835145d",
  "result": {
    "engine": "knitr",
    "markdown": "---\ntitle: \"ETF2121/5912: Data Analysis in Business\"\ntbl-colwidths: [5,10,30,5,5,5,5,5,5,5]\n---\n\n\n\n\nThis page provides a comprehensive outline of the topics, content, and assignments planned for the semester. Please note that this schedule is subject to updates as the semester progresses. Any changes or adjustments will be documented here to ensure you have the most current information available. In the event of any discrepancies between the information on this website and the exam timetable or course handbook, the exam timetable and course handbook will serve as the authoritative sources.\n\n|           Week            | Date              | Topic                                                 |                                          Prepare                                           |                                           Slides                                           |                        Quiz/Assignments                        | Reading                       |\n|:--------:|----------|----------|:--------:|:-----------:|:--------:|----------|\n|  [1](/weeks/week-1.html)  | Tue, Jul 23       | Business Analytics & Database Management System       |                                   [📖](/labs/lab-1.html)                                   | [📋](https://learning.monash.edu/pluginfile.php/3800248/mod_resource/content/1/lec-1.html) | [📝](https://learning.monash.edu/mod/quiz/view.php?id=2893140) | 📕 Camm 1.1, 1.2, 1.3 and 1.5 |\n|  [2](/weeks/week-2.html)  | Tue, Jul 30       | Database Query Language: SQL                          | [📖](https://learning.monash.edu/pluginfile.php/3937376/mod_resource/content/2/lab-2.html) | [📋](https://learning.monash.edu/pluginfile.php/3937400/mod_resource/content/1/lec-2.html) | [📝](https://learning.monash.edu/mod/quiz/view.php?id=2893560) |                               |\n|  [3](/weeks/week-3.html)  | Tue, Aug 6        | Data Wrangling                                        |                                                                                            |                                                                                            |                                                                |                               |\n|  [4](/weeks/week-4.html)  | Tue, Aug 13       | Data Visualization                                    |                                                                                            |                                                                                            |                                                                |                               |\n|  [5](/weeks/week-5.html)  | Tue, Aug 20       | Descriptive Statistics                                |                                                                                            |                                                                                            |                                                                |                               |\n|  [6](/weeks/week-6.html)  | Tue, Aug 27       | Probability: An Introduction to Modelling Uncertainty |                                                                                            |                                                                                            |                                                                |                               |\n|                           | *Wed, Aug 28*     | *Individual assignment submission deadline*           |                                                                                            |                                                                                            |                                                                |                               |\n|  [7](/weeks/week-7.html)  | Tue, Sep 3        | Descriptive Analytics: Clustering                     |                                                                                            |                                                                                            |                                                                |                               |\n|  [8](/weeks/week-8.html)  | Tue, Sep 10       | Linear Regression                                     |                                                                                            |                                                                                            |                                                                |                               |\n|  [9](/weeks/week-9.html)  | Tue, Sep 17       | Time Series Analysis and Forecasting                  |                                                                                            |                                                                                            |                                                                |                               |\n|      Semester Break       | Sep 23 - Sep 27   | Mid semester break                                    |                                                                                            |                                                                                            |                                                                |                               |\n| [10](/weeks/week-10.html) | Tue, Oct 1        | Predictive Analytics: Continuous Outcome Variables    |                                                                                            |                                                                                            |                                                                |                               |\n| [11](/weeks/week-11.html) | Tue, Oct 8        | Predictive Analytics: Binary Outcome Variables        |                                                                                            |                                                                                            |                                                                |                               |\n|                           | *Wed, Oct 9*      | *Group Assignment Submission Deadline*                |                                                                                            |                                                                                            |                                                                |                               |\n| [12](/weeks/week-12.html) | Tue, Oct 15       | Revision/Presentation                                 |                                                                                            |                                                                                            |                                                                |                               |\n|          *SWOT*           | *Oct 21 - Oct 25* | *SWOT*                                                |                                                                                            |                                                                                            |                                                                |                               |\n\n: {tbl-colwidths=\"\\[10, 20, 40,10, 10, 10, 30\\]\"}\n\n\n\n\n::: {.cell}\n\n:::\n",
    "supporting": [],
    "filters": [
      "rmarkdown/pagebreak.lua"
    ],
    "includes": {},
    "engineDependencies": {},
    "preserve": {},
    "postProcess": true
  }
}